epoch,train_loss,valid_loss,accuracy
1,3.053061,3.070487,0.450466
2,2.874137,2.999093,0.455027
3,2.864496,2.969308,0.458116
4,2.890568,2.903564,0.466970
5,2.746530,2.839789,0.474205
6,2.683900,2.750476,0.486806
7,2.674458,2.658535,0.499701
8,2.595780,2.573735,0.512515
9,2.530827,2.512999,0.522372
10,2.505664,2.491850,0.526431
