epoch,train_loss,valid_loss,accuracy
1,3.080874,3.197244,0.431796
2,3.021043,3.147150,0.433593
3,2.933366,3.125982,0.435766
4,2.905764,3.103272,0.437356
5,2.867981,3.032923,0.445030
6,2.815294,2.958662,0.453979
7,2.733671,2.869483,0.466015
8,2.744779,2.785220,0.475833
9,2.717722,2.704370,0.487687
10,2.666089,2.675301,0.493602
