epoch,train_loss,valid_loss,accuracy
1,2.489521,2.734049,0.482433
2,2.427567,2.662464,0.488089
3,2.415744,2.613971,0.494118
4,2.334062,2.560180,0.501209
5,2.343723,2.503271,0.507307
6,2.260171,2.444533,0.516768
7,2.198721,2.367407,0.526631
8,2.161857,2.308182,0.535856
9,2.142125,2.252678,0.544535
10,2.087831,2.234440,0.548529
